num_docks_available,num_ebikes_available,is_installed,eightd_has_available_keys,station_status,last_reported,num_bikes_disabled,legacy_id,is_renting,is_returning,station_id,num_docks_disabled,num_bikes_available
1,0,1,FALSE,active,1604515524,0,1,1,1,1,0,14
10,0,1,FALSE,active,1604498154,0,2,1,1,2,0,1
0,0,1,FALSE,active,1604513504,0,3,1,1,3,0,17
2,0,1,FALSE,active,1604515248,0,4,1,1,4,0,8
10,0,1,FALSE,active,1604510075,0,5,1,1,5,0,0
8,0,1,FALSE,active,1604504072,0,6,1,1,6,0,10
8,0,1,FALSE,active,1604513765,0,7,1,1,7,0,6
14,0,1,FALSE,active,1604504856,0,8,1,1,8,0,5
8,0,1,FALSE,active,1604499343,0,10,1,1,10,0,3
10,1,1,FALSE,active,1604484258,0,11,1,1,11,0,1
2,0,1,FALSE,active,1604515116,1,12,1,1,12,0,14
4,0,1,FALSE,active,1604512966,0,13,1,1,13,0,7
13,0,1,FALSE,active,1604511692,0,14,1,1,14,0,2
10,3,1,FALSE,active,1604515924,0,15,1,1,15,0,21
17,1,1,FALSE,active,1604515843,0,16,1,1,16,0,10
14,0,1,FALSE,active,1604514672,1,17,1,1,17,0,18
12,0,1,FALSE,active,1604515133,0,18,1,1,18,0,3
11,0,1,FALSE,active,1604515603,0,19,1,1,19,0,8
23,0,1,FALSE,active,1604510314,0,20,1,1,20,0,0
18,0,1,FALSE,active,1604515032,0,21,1,1,21,0,1
13,0,1,FALSE,active,1604515819,1,22,1,1,22,0,9
16,0,1,FALSE,active,1604515776,0,23,1,1,23,0,3
6,0,1,FALSE,active,1604515799,0,24,1,1,24,0,13
15,0,1,FALSE,active,1604515896,0,25,1,1,25,0,8
13,1,1,FALSE,active,1604512140,0,26,1,1,26,0,2
12,0,1,FALSE,active,1604511507,0,27,1,1,27,0,23
13,0,1,FALSE,active,1604511494,0,28,1,1,28,0,6
17,2,1,FALSE,active,1604515001,0,29,1,1,29,0,3
0,0,1,FALSE,active,1604501490,0,30,1,1,30,0,11
8,0,1,FALSE,active,1604514827,0,31,1,1,31,0,11
4,0,1,FALSE,active,1604514060,0,32,1,1,32,0,11
5,1,1,FALSE,active,1604512908,0,33,1,1,33,0,14
11,0,1,FALSE,active,1604500879,0,34,1,1,34,0,0
8,0,1,FALSE,active,1604514862,1,35,1,1,35,0,2
9,0,1,FALSE,active,1604502076,0,36,1,1,36,0,2
3,0,1,FALSE,active,1604497566,0,37,1,1,37,0,12
5,0,1,FALSE,active,1604510386,0,38,1,1,38,0,6
4,0,1,FALSE,active,1604494572,0,39,1,1,39,0,6
1,0,1,FALSE,active,1604508883,0,40,1,1,40,0,10
2,0,1,FALSE,active,1604515469,0,41,1,1,41,0,9
8,0,1,FALSE,active,1604510152,0,42,1,1,42,0,7
8,0,1,FALSE,active,1604509984,0,43,1,1,43,0,7
3,0,1,FALSE,active,1604510713,0,44,1,1,44,0,8
22,0,1,FALSE,active,1604513384,1,45,1,1,45,0,16
12,0,1,FALSE,active,1604515632,0,46,1,1,46,0,3
1,1,1,FALSE,active,1604514228,0,47,1,1,47,0,13
7,0,1,FALSE,active,1604506633,0,48,1,1,48,0,8
14,1,1,FALSE,active,1604514298,0,49,1,1,49,0,3
5,0,1,FALSE,active,1604515899,1,51,1,1,51,0,39
3,1,1,FALSE,active,1604515877,0,52,1,1,52,0,12
13,0,1,FALSE,active,1604515940,1,53,1,1,53,0,5
0,4,1,FALSE,active,1604502257,19,54,0,1,54,0,4
2,0,1,FALSE,active,1604515689,0,55,1,1,55,0,13
0,2,1,FALSE,active,1604515679,0,56,1,1,56,0,11
13,0,1,FALSE,active,1604514191,1,57,1,1,57,0,1
10,1,1,FALSE,active,1604494757,0,58,1,1,58,0,5
13,0,1,FALSE,active,1604515697,0,59,1,1,59,0,6
10,0,1,FALSE,active,1604506986,0,60,0,0,60,0,5
11,0,1,FALSE,active,1604513185,0,61,1,1,61,0,4
1,1,1,FALSE,active,1604513281,1,62,1,1,62,0,9
10,1,1,FALSE,active,1604511820,0,63,1,1,63,0,5
19,0,1,FALSE,active,1604515093,0,64,1,1,64,0,0
11,0,1,FALSE,active,1604509027,0,65,1,1,65,0,0
7,3,1,FALSE,active,1604492395,0,66,1,1,66,0,3
0,0,1,FALSE,active,1604505164,0,67,1,1,67,0,11
7,0,1,FALSE,active,1604515443,0,68,1,1,68,1,7
13,0,1,FALSE,active,1604515750,10,69,0,1,69,0,0
1,0,1,FALSE,active,1604425766,0,70,1,1,70,0,10
35,1,1,FALSE,active,1604513557,0,71,1,1,71,0,4
5,2,1,FALSE,active,1604513079,0,72,1,1,72,0,14
9,0,1,FALSE,active,1604499826,0,73,1,1,73,0,2
1,0,1,FALSE,active,1604504774,0,74,1,1,74,0,14
8,0,1,FALSE,active,1604514859,0,75,1,1,75,0,7
4,0,1,FALSE,active,1604511886,1,76,1,1,76,0,26
3,0,1,FALSE,active,1604503280,1,77,1,1,77,0,15
18,0,1,FALSE,active,1604515929,0,78,1,1,78,0,1
6,0,1,FALSE,active,1604515942,0,79,1,1,79,0,21
12,0,1,FALSE,active,1604513015,0,80,1,1,80,0,2
18,1,1,FALSE,active,1604514947,0,81,1,1,81,0,9
10,0,1,FALSE,active,1604510014,0,82,1,1,82,0,21
13,0,1,FALSE,active,1604507894,6,83,0,1,83,0,0
5,0,1,FALSE,active,1604515163,0,84,1,1,84,0,18
7,0,1,FALSE,active,1604515793,0,85,1,1,85,0,8
12,1,1,FALSE,active,1604515740,0,86,1,1,86,0,7
10,1,1,FALSE,active,1604508512,0,87,1,1,87,0,13
7,0,1,FALSE,active,1604515088,0,88,1,1,88,0,12
19,0,1,FALSE,active,1604511633,0,89,1,1,89,0,4
5,2,1,FALSE,active,1604515766,0,90,1,1,90,0,6
10,2,1,FALSE,active,1604511255,9,91,0,1,91,0,2
10,0,1,FALSE,active,1604515950,0,92,1,1,92,0,22
4,1,1,FALSE,active,1604515766,0,93,1,1,93,0,11
19,0,1,FALSE,active,1604515461,0,94,1,1,94,1,3
9,0,1,FALSE,active,1604515835,0,95,1,1,95,0,14
6,0,1,FALSE,active,1604515638,0,96,1,1,96,0,13
1,0,1,FALSE,active,1604513573,0,97,1,1,97,0,14
9,0,1,FALSE,active,1604515648,1,98,1,1,98,0,1
6,0,1,FALSE,active,1604514990,0,99,1,1,99,0,19
10,0,1,FALSE,active,1604481045,1,100,1,1,100,0,0
16,0,1,FALSE,active,1604515635,1,101,1,1,101,0,14
20,0,1,FALSE,active,1604515515,2,102,1,1,102,0,1
26,0,1,FALSE,active,1604513146,13,103,0,1,103,0,0
19,0,1,FALSE,active,1604498474,6,104,0,1,104,0,0
14,0,1,FALSE,active,1604515782,1,105,1,1,105,0,10
0,3,1,FALSE,active,1604504801,32,106,0,1,106,0,3
8,0,1,FALSE,active,1604514778,2,107,1,1,107,0,9
8,0,1,FALSE,active,1604514980,0,108,1,1,108,0,7
10,0,1,FALSE,active,1604510254,1,109,1,1,109,0,24
15,2,1,FALSE,active,1604515923,0,110,1,1,110,0,8
8,0,1,FALSE,active,1604515906,1,111,1,1,111,0,10
4,0,1,FALSE,active,1604514737,0,112,1,1,112,0,11
15,0,1,FALSE,active,1604515581,0,113,1,1,113,0,40
6,0,1,FALSE,active,1604513634,0,114,1,1,114,0,17
8,5,1,FALSE,active,1604515934,0,115,1,1,115,0,8
12,1,1,FALSE,active,1604510006,0,116,1,1,116,0,3
10,0,1,FALSE,active,1604515873,13,117,0,1,117,0,0
10,0,1,FALSE,active,1604503871,0,118,1,1,118,0,13
17,0,1,FALSE,active,1604515598,1,124,1,1,124,0,13
7,0,1,FALSE,active,1604510977,0,125,1,1,125,0,8
15,0,1,FALSE,active,1604511787,0,126,1,1,126,0,4
3,0,1,FALSE,active,1604515661,1,127,1,1,127,0,23
8,0,1,FALSE,active,1604506194,1,128,1,1,128,0,10
11,1,1,FALSE,active,1604515451,0,129,1,1,129,0,4
12,1,1,FALSE,active,1604514253,0,130,1,1,130,0,3
11,0,1,FALSE,active,1604495054,0,131,1,1,131,0,0
15,0,1,FALSE,active,1604509870,0,132,1,1,132,0,0
9,0,1,FALSE,active,1604514488,0,133,1,1,133,0,6
11,2,1,FALSE,active,1604497217,0,134,1,1,134,0,4
15,0,1,FALSE,active,1604514770,0,135,1,1,135,0,4
0,0,1,FALSE,active,1604510533,1,136,1,1,136,0,22
23,1,1,FALSE,active,1604514426,1,137,1,1,137,0,9
1,0,1,FALSE,active,1604495439,0,138,1,1,138,0,10
13,0,1,FALSE,active,1604502262,0,139,1,1,139,0,2
9,1,1,FALSE,active,1604514970,0,140,1,1,140,0,8
13,1,1,FALSE,active,1604506204,13,141,0,1,141,0,1
14,1,1,FALSE,active,1604511564,0,142,1,1,142,0,25
10,0,1,FALSE,active,1604515165,0,143,1,1,143,0,9
11,1,1,FALSE,active,1604513355,0,144,1,1,144,0,8
0,0,1,FALSE,active,1604511374,0,145,1,1,145,0,14
3,1,1,FALSE,active,1604511950,0,146,1,1,146,0,12
6,0,1,FALSE,active,1604511896,1,147,1,1,147,0,8
14,0,1,FALSE,active,1604512873,0,148,1,1,148,0,5
0,1,1,FALSE,active,1604515511,0,149,1,1,149,0,18
11,0,1,FALSE,active,1604497192,1,150,1,1,150,0,7
9,2,1,FALSE,active,1604515035,1,151,1,1,151,0,4
10,0,1,FALSE,active,1604482848,0,152,1,1,152,0,5
7,0,1,FALSE,active,1604515795,0,153,1,1,153,0,12
11,0,1,FALSE,active,1604515084,0,154,1,1,154,0,4
14,1,1,FALSE,active,1604482849,0,155,1,1,155,0,1
8,2,1,FALSE,active,1604503496,0,156,1,1,156,0,3
1,1,1,FALSE,active,1604503197,1,157,1,1,157,0,8
6,0,1,FALSE,active,1604511480,0,158,1,1,158,0,9
21,0,1,FALSE,active,1604510078,0,159,1,1,159,0,2
9,1,1,FALSE,active,1604513822,0,160,1,1,160,0,2
11,0,1,FALSE,active,1604500740,0,161,1,1,161,0,0
12,0,1,FALSE,active,1604515501,1,162,1,1,162,0,2
11,1,1,FALSE,active,1604510391,0,163,1,1,163,0,8
7,6,1,FALSE,active,1604515726,0,164,1,1,164,0,7
14,1,1,FALSE,active,1604497714,1,165,1,1,165,0,4
6,1,1,FALSE,active,1604513610,0,166,1,1,166,0,5
11,1,1,FALSE,active,1604512969,0,167,1,1,167,0,4
22,0,1,FALSE,active,1604508142,0,168,1,1,168,0,1
11,0,1,FALSE,active,1604515688,1,169,1,1,169,0,22
9,1,1,FALSE,active,1604515526,0,170,1,1,170,0,6
7,0,1,FALSE,active,1604515797,0,171,1,1,171,0,12
10,0,1,FALSE,active,1604495197,0,172,1,1,172,0,1
16,0,1,FALSE,active,1604511881,0,173,1,1,173,0,3
4,6,1,FALSE,active,1604501547,0,174,1,1,174,0,7
6,1,1,FALSE,active,1604515382,1,175,1,1,175,0,4
18,2,1,FALSE,active,1604513547,0,176,1,1,176,1,4
6,0,1,FALSE,active,1604503794,1,177,1,1,177,0,4
17,0,1,FALSE,active,1604508201,0,178,1,1,178,0,6
1,0,1,FALSE,active,1604482848,1,179,1,1,179,0,13
6,0,1,FALSE,active,1604502701,0,180,1,1,180,0,5
10,1,1,FALSE,active,1604515462,0,181,1,1,181,0,5
3,4,1,FALSE,active,1604492979,0,182,1,1,182,0,7
3,0,1,FALSE,active,1604513377,0,183,1,1,183,0,16
2,0,1,FALSE,active,1604511621,0,185,1,1,185,0,17
16,0,1,FALSE,active,1604511528,0,186,1,1,186,0,3
15,0,1,FALSE,active,1604504149,0,187,1,1,187,0,4
18,0,1,FALSE,active,1604513646,0,188,1,1,188,0,5
1,0,1,FALSE,active,1604514511,0,189,1,1,189,0,18
0,1,1,FALSE,active,1604514671,0,190,1,1,190,0,14
3,0,1,FALSE,active,1604500974,0,191,1,1,191,0,12
1,0,1,FALSE,active,1604503980,0,192,1,1,192,0,14
10,2,1,FALSE,active,1604515781,15,193,0,1,193,0,2
1,0,1,FALSE,active,1604509456,0,194,1,1,194,0,14
0,0,1,FALSE,active,1604482850,0,195,1,1,195,0,17
24,0,1,FALSE,active,1604499910,0,196,1,1,196,0,4
15,0,1,FALSE,active,1604514245,0,197,1,1,197,0,8
4,0,1,FALSE,active,1604512580,0,198,1,1,198,0,11
11,0,1,FALSE,active,1604514323,1,199,1,1,199,0,3
6,0,1,FALSE,active,1604512775,0,200,1,1,200,0,9
9,0,1,FALSE,active,1604515658,0,201,1,1,201,0,1
10,1,1,FALSE,active,1604512837,0,202,1,1,202,0,1
1,0,1,FALSE,active,1604481646,0,203,1,1,203,0,10
12,1,1,FALSE,active,1604515930,0,204,1,1,204,0,13
1,0,1,FALSE,active,1604512895,1,206,1,1,206,0,13
16,1,1,FALSE,active,1604514637,0,207,1,1,207,0,3
12,0,1,FALSE,active,1604513654,0,208,1,1,208,0,3
9,1,1,FALSE,active,1604503635,0,209,1,1,209,0,6
13,0,1,FALSE,active,1604515360,0,210,1,1,210,0,9
11,0,1,FALSE,active,1604452741,0,211,1,1,211,0,4
8,1,1,FALSE,active,1604483150,0,212,1,1,212,0,3
2,0,1,FALSE,active,1604499657,0,213,1,1,213,0,13
23,0,1,FALSE,active,1604515809,0,214,1,1,214,0,0
3,4,1,FALSE,active,1604513234,0,215,1,1,215,0,12
16,0,1,FALSE,active,1604498532,0,216,1,1,216,0,3
14,0,1,FALSE,active,1604512466,0,217,1,1,217,0,5
18,0,1,FALSE,active,1604514400,0,218,1,1,218,0,1
11,0,1,FALSE,active,1604447862,0,219,1,1,219,0,0
4,1,1,FALSE,active,1604483151,1,220,1,1,220,0,6
2,1,1,FALSE,active,1604483151,0,221,1,1,221,0,9
3,0,1,FALSE,active,1604515766,0,222,1,1,222,0,8
3,0,1,FALSE,active,1604481947,0,223,1,1,223,0,12
4,1,1,FALSE,active,1604498305,0,224,1,1,224,0,7
12,0,1,FALSE,active,1604483151,0,225,1,1,225,0,3
6,0,1,FALSE,active,1604514265,0,226,1,1,226,0,13
1,0,1,FALSE,active,1604515424,1,227,1,1,227,0,11
16,4,1,FALSE,active,1604503890,0,228,1,1,228,0,7
16,0,1,FALSE,active,1604515403,1,229,1,1,229,0,2
3,0,1,FALSE,active,1604512547,1,230,1,1,230,0,11
5,1,1,FALSE,active,1604514803,0,231,1,1,231,0,6
13,0,1,FALSE,active,1604514743,0,232,1,1,232,0,2
8,0,1,FALSE,active,1604514998,0,233,1,1,233,0,3
19,0,1,FALSE,active,1604504910,1,234,1,1,234,0,3
11,1,1,FALSE,active,1604508846,0,235,1,1,235,0,4
3,0,1,FALSE,active,1604513683,1,236,1,1,236,0,15
12,0,1,FALSE,active,1604514687,0,237,1,1,237,0,3
10,0,1,FALSE,active,1604483152,0,239,1,1,239,0,0
3,0,1,FALSE,active,1604483152,0,240,1,1,240,0,8
9,0,1,FALSE,active,1604504889,0,241,1,1,241,0,6
18,0,1,FALSE,active,1604515286,0,242,1,1,242,0,13
7,0,1,FALSE,active,1604514742,0,243,1,1,243,0,4
4,0,1,FALSE,active,1604513442,0,244,1,1,244,0,11
7,1,1,FALSE,active,1604500344,0,245,1,1,245,0,4
9,0,1,FALSE,active,1604509974,0,246,1,1,246,0,2
4,0,1,FALSE,active,1604513699,0,247,1,1,247,0,11
9,0,1,FALSE,active,1604513499,0,248,1,1,248,0,6
11,0,1,FALSE,active,1604513343,0,249,1,1,249,0,4
16,1,1,FALSE,active,1604513272,0,250,1,1,250,0,3
21,0,1,FALSE,active,1604513871,1,251,1,1,251,0,5
7,0,1,FALSE,active,1604515311,1,252,1,1,252,0,23
7,0,1,FALSE,active,1604483153,0,253,1,1,253,0,8
10,0,1,FALSE,active,1604514656,0,254,1,1,254,0,5
10,1,1,FALSE,active,1604503469,0,255,1,1,255,0,2
5,0,1,FALSE,active,1604515819,0,256,1,1,256,0,10
9,2,1,FALSE,active,1604504262,0,257,1,1,257,0,2
12,0,1,FALSE,active,1604466673,0,258,1,1,258,0,3
18,1,1,FALSE,active,1604512823,0,259,1,1,259,0,1
7,1,1,FALSE,active,1604506873,0,260,1,1,260,0,4
17,0,1,FALSE,active,1604482254,0,261,1,1,261,0,2
18,0,1,FALSE,active,1604483455,0,262,1,1,262,0,1
7,1,1,FALSE,active,1604514800,0,263,1,1,263,0,4
10,0,1,FALSE,active,1604483455,0,264,1,1,264,0,5
7,0,1,FALSE,active,1604506803,0,265,1,1,265,0,4
2,0,1,FALSE,active,1604483455,0,266,1,1,266,0,7
2,0,1,FALSE,active,1604509786,0,267,1,1,267,0,13
6,0,1,FALSE,active,1604495559,0,268,1,1,268,0,13
11,0,1,FALSE,active,1604514678,0,269,1,1,269,0,3
9,0,1,FALSE,active,1604483455,0,270,1,1,270,0,2
11,0,1,FALSE,active,1604514792,0,271,1,1,271,0,7
12,1,1,FALSE,active,1604515286,0,272,1,1,272,0,3
3,0,1,FALSE,active,1604514588,0,273,1,1,273,0,15
3,0,1,FALSE,active,1604513123,1,274,1,1,274,0,15
1,0,1,FALSE,active,1604498397,0,275,1,1,275,0,14
14,0,1,FALSE,active,1604482548,0,277,1,1,277,0,1
13,0,1,FALSE,active,1604482549,0,278,1,1,278,0,2
8,0,1,FALSE,active,1604422987,0,279,1,1,279,0,7
10,3,1,FALSE,active,1604515623,0,280,1,1,280,0,5
10,0,1,FALSE,active,1604514601,0,282,1,1,282,0,5
9,0,1,FALSE,active,1604483454,0,283,1,1,283,0,6
18,0,1,FALSE,active,1604483153,0,284,1,1,284,0,3
7,0,1,FALSE,active,1604483455,1,285,1,1,285,0,3
15,0,1,FALSE,active,1604483455,0,286,1,1,286,0,0
11,0,1,FALSE,active,1604503583,0,287,1,1,287,0,4
9,3,1,FALSE,active,1604512166,0,288,1,1,288,0,4
5,6,1,FALSE,active,1604513858,0,289,1,1,289,0,6
9,0,1,FALSE,active,1604486690,0,290,1,1,290,0,1
3,2,1,FALSE,active,1604483455,0,293,1,1,293,0,11
14,1,1,FALSE,active,1604483455,0,294,1,1,294,0,5
15,0,1,FALSE,active,1604512230,0,295,1,1,295,0,0
9,0,1,FALSE,active,1604507977,0,296,1,1,296,0,2
14,0,1,FALSE,active,1604514647,0,297,1,1,297,0,1
8,0,1,FALSE,active,1604515862,0,298,1,1,298,0,10
12,0,1,FALSE,active,1604493626,0,299,1,1,299,0,3
16,0,1,FALSE,active,1604515946,0,301,1,1,301,0,3
6,0,1,FALSE,active,1604515764,0,302,1,1,302,0,13
1,0,1,FALSE,active,1604483456,0,303,1,1,303,0,10
15,0,1,FALSE,active,1604483456,0,304,1,1,304,0,0
3,0,1,FALSE,active,1604514222,0,305,1,1,305,0,14
6,0,1,FALSE,active,1604513335,0,306,1,1,306,0,5
1,0,1,FALSE,active,1604515483,0,307,1,1,307,0,16
15,0,1,FALSE,active,1604507234,0,308,1,1,308,0,2
15,3,1,FALSE,active,1604514978,0,309,1,1,309,0,3
9,0,1,FALSE,active,1604503429,1,310,1,1,310,0,9
3,0,1,FALSE,active,1604483457,0,311,1,1,311,0,8
11,0,1,FALSE,active,1604492241,0,312,1,1,312,0,4
7,0,1,FALSE,active,1604510889,0,313,1,1,313,0,8
11,0,1,FALSE,active,1604514970,0,314,1,1,314,0,4
12,0,1,FALSE,active,1604483456,0,315,1,1,315,0,3
12,0,1,FALSE,active,1604408589,0,316,1,1,316,0,7
6,0,1,FALSE,active,1604449167,0,317,1,1,317,0,5
10,1,1,FALSE,active,1604508787,1,318,1,1,318,0,2
1,0,1,FALSE,active,1604514117,0,319,1,1,319,0,13
13,0,1,FALSE,active,1604513558,0,320,1,1,320,0,6
13,0,1,FALSE,active,1604512267,0,321,1,1,321,0,4
18,0,1,FALSE,active,1604514784,0,322,1,1,322,0,1
8,0,1,FALSE,active,1604500060,0,323,1,1,323,0,3
6,0,1,FALSE,active,1604511913,0,324,1,1,324,0,9
17,0,1,FALSE,active,1604493252,0,325,1,1,325,0,2
13,0,1,FALSE,active,1604513431,0,326,1,1,326,0,5
14,0,1,FALSE,active,1604499148,0,327,1,1,327,0,5
7,4,1,FALSE,active,1604512806,0,328,1,1,328,0,5
1,0,1,FALSE,active,1604513781,0,329,1,1,329,0,18
10,0,1,FALSE,active,1604515257,0,330,1,1,330,0,9
1,0,1,FALSE,active,1604509503,1,331,1,1,331,0,13
8,0,1,FALSE,active,1604512602,0,332,1,1,332,0,6
5,0,1,FALSE,active,1604440565,0,333,1,1,333,0,10
14,0,1,FALSE,active,1604514775,1,334,1,1,334,0,8
4,0,1,FALSE,active,1604515821,1,335,1,1,335,0,10
6,1,1,FALSE,active,1604515577,0,336,1,1,336,0,13
14,0,1,FALSE,active,1604515471,0,337,1,1,337,0,1
3,0,1,FALSE,active,1604483458,0,338,1,1,338,0,8
16,0,1,FALSE,active,1604508966,0,339,1,1,339,0,3
0,0,1,FALSE,active,1604483457,0,340,1,1,340,0,11
0,0,1,FALSE,active,1604514899,1,341,1,1,341,0,14
5,0,1,FALSE,active,1604494507,0,342,1,1,342,0,8
12,0,1,FALSE,active,1604498177,0,343,1,1,343,0,3
20,0,1,FALSE,active,1604513843,0,344,1,1,344,0,1
5,1,1,FALSE,active,1604515401,0,345,1,1,345,0,10
2,0,1,FALSE,active,1604503943,0,346,1,1,346,0,13
11,0,1,FALSE,active,1604501095,0,347,1,1,347,0,8
18,0,1,FALSE,active,1604514812,0,348,1,1,348,0,4
23,1,1,FALSE,active,1604506617,7,349,0,1,349,0,1
13,1,1,FALSE,active,1604512506,0,350,1,1,350,0,2
6,0,1,FALSE,active,1604514720,1,351,1,1,351,0,12
11,1,1,FALSE,active,1604512783,2,352,1,1,352,0,2
8,0,1,FALSE,active,1604514924,0,353,1,1,353,0,15
11,0,1,FALSE,active,1604513893,0,354,1,1,354,0,4
12,2,1,FALSE,active,1604507387,0,355,1,1,355,0,2
8,0,1,FALSE,active,1604513659,2,356,1,1,356,0,5
21,0,1,FALSE,active,1604508297,0,357,1,1,357,0,2
16,0,1,FALSE,active,1604514888,0,358,1,1,358,0,3
11,0,1,FALSE,active,1604514203,0,359,1,1,359,0,4
7,0,1,FALSE,active,1604509690,0,364,1,1,364,0,3
7,1,1,FALSE,active,1604514721,1,365,1,1,365,0,10
1,0,1,FALSE,active,1604513095,0,367,1,1,367,0,22
9,0,1,FALSE,active,1604463407,0,368,1,1,368,0,6
7,0,1,FALSE,active,1604514948,0,369,1,1,369,0,16
7,0,1,FALSE,active,1604512593,0,370,1,1,370,0,12
18,1,1,FALSE,active,1604506377,0,371,1,1,371,0,1
11,0,1,FALSE,active,1604513251,0,373,1,1,373,0,8
9,0,1,FALSE,active,1604515479,0,374,1,1,374,0,10
14,0,1,FALSE,active,1604515382,0,375,1,1,375,0,9
11,2,1,FALSE,active,1604463450,0,376,1,1,376,0,8
6,4,1,FALSE,active,1604502075,0,377,1,1,377,0,8
10,0,1,FALSE,active,1604483790,1,378,1,1,378,0,4
13,1,1,FALSE,active,1604505063,0,379,1,1,379,0,6
0,0,1,FALSE,active,1604508161,0,380,1,1,380,0,14
3,0,1,FALSE,active,1604515914,0,381,1,1,381,0,12
11,0,1,FALSE,active,1604507075,0,382,1,1,382,0,4
11,1,1,FALSE,active,1604509220,0,383,1,1,383,0,8
9,0,1,FALSE,active,1604501831,0,384,1,1,384,0,2
15,0,1,FALSE,active,1604504382,0,385,1,1,385,0,4
15,0,1,FALSE,active,1604515382,0,386,1,1,386,0,3
9,0,1,FALSE,active,1604509295,0,387,1,1,387,0,10
12,0,1,FALSE,active,1604498605,0,388,1,1,388,0,3
2,7,1,FALSE,active,1604515466,0,389,1,1,389,0,9
17,0,1,FALSE,active,1604514947,0,390,1,1,390,0,2
6,0,1,FALSE,active,1604515660,1,391,1,1,391,0,8
6,0,1,FALSE,active,1604483789,0,392,1,1,392,0,13
15,0,1,FALSE,active,1604501326,4,393,0,1,393,0,0
9,1,1,FALSE,active,1604514034,0,394,1,1,394,0,10
16,0,1,FALSE,active,1604447469,1,395,1,1,395,0,2
2,1,1,FALSE,active,1604507541,0,396,1,1,396,0,13
19,0,1,FALSE,active,1604513098,0,397,1,1,397,0,4
16,0,1,FALSE,active,1604505460,0,398,1,1,398,0,3
9,0,1,FALSE,active,1604515869,1,399,1,1,399,0,9
21,0,1,FALSE,active,1604508710,0,400,1,1,400,0,2
9,0,1,FALSE,active,1604505787,0,401,1,1,401,0,10
13,2,1,FALSE,active,1604515600,1,402,1,1,402,0,9
20,1,1,FALSE,active,1604483791,0,403,1,1,403,0,3
14,0,1,FALSE,active,1604483794,0,404,1,1,404,0,5
9,0,1,FALSE,active,1604500529,1,405,1,1,405,0,5
12,0,1,FALSE,active,1604483795,0,406,1,1,406,0,7
1,0,1,FALSE,active,1604483459,0,407,1,1,407,0,14
15,0,1,FALSE,active,1604515309,0,408,1,1,408,0,16
18,0,1,FALSE,active,1604515942,0,409,1,1,409,0,1
13,1,1,FALSE,active,1604512721,0,410,1,1,410,0,6
3,0,1,FALSE,active,1604508059,0,411,1,1,411,0,16
3,1,1,FALSE,active,1604483790,1,412,1,1,412,0,11
8,1,1,FALSE,active,1604514536,2,413,1,1,413,0,13
4,1,1,FALSE,active,1604512882,0,414,1,1,414,0,11
6,0,1,FALSE,active,1604483790,2,415,1,1,415,0,7
11,0,1,FALSE,active,1604483792,0,416,1,1,416,0,4
6,0,1,FALSE,active,1604511099,0,417,1,1,417,0,12
25,2,1,FALSE,active,1604515514,0,418,1,1,418,0,5
0,0,1,FALSE,active,1604513614,24,419,0,1,419,0,0
24,0,1,FALSE,active,1604483792,0,420,1,1,420,0,1
5,0,1,FALSE,active,1604502418,0,421,1,1,421,0,14
6,2,1,FALSE,active,1604513483,2,422,1,1,422,1,6
18,0,1,FALSE,active,1604502915,0,423,1,1,423,0,4
11,0,1,FALSE,active,1604483791,0,424,1,1,424,0,4
8,0,1,FALSE,active,1604483791,1,425,1,1,425,0,2
5,0,1,FALSE,active,1604483792,0,427,1,1,427,0,6
7,1,1,FALSE,active,1604483791,0,428,1,1,428,0,3
6,0,1,FALSE,active,1604483791,0,429,1,1,429,0,5
7,0,1,FALSE,active,1604483791,0,430,1,1,430,0,4
4,0,1,FALSE,active,1604483791,0,431,1,1,431,0,7
0,0,1,FALSE,active,1604483792,0,432,1,1,432,0,11
9,0,1,FALSE,active,1604483791,0,433,1,1,433,0,1
6,0,1,FALSE,active,1604483792,0,434,1,1,434,0,9
9,0,1,FALSE,active,1604483791,0,435,1,1,435,0,6
8,0,1,FALSE,active,1604515887,0,436,1,1,436,0,7
5,0,1,FALSE,active,1604483792,0,437,1,1,437,0,10
5,0,1,FALSE,active,1604483793,0,438,1,1,438,0,12
6,0,1,FALSE,active,1604513867,0,439,1,1,439,0,13
17,0,1,FALSE,active,1604483793,0,440,1,1,440,0,2
9,0,1,FALSE,active,1604501275,0,441,1,1,441,0,10
9,0,1,FALSE,active,1604496043,1,442,1,1,442,0,5
5,0,1,FALSE,active,1604510022,0,443,1,1,443,0,18
17,0,1,FALSE,active,1604495690,0,444,1,1,444,0,2
10,0,1,FALSE,active,1604483792,0,445,1,1,445,0,5
11,0,1,FALSE,active,1604498850,0,446,1,1,446,0,2
7,0,1,FALSE,active,1604497291,0,447,1,1,447,0,4
8,0,1,FALSE,active,1604514703,1,448,1,1,448,0,6
13,0,1,FALSE,active,1604483792,0,449,1,1,449,0,2
7,0,1,FALSE,active,1604483793,0,450,1,1,450,0,4
5,0,1,FALSE,active,1604497565,0,451,1,1,451,0,9
9,0,1,FALSE,active,1604512595,0,452,1,1,452,0,6
8,0,1,FALSE,active,1604514389,0,453,1,1,453,0,11
13,0,1,FALSE,active,1604515743,1,454,1,1,454,0,5
10,0,1,FALSE,active,1604513588,0,455,1,1,455,0,5
6,0,1,FALSE,active,1604498248,0,456,1,1,456,0,9
4,0,1,FALSE,active,1604483460,1,457,1,1,457,0,6
12,0,1,FALSE,active,1604509449,0,458,1,1,458,0,7
5,1,1,FALSE,active,1604483792,0,459,1,1,459,0,10
8,0,1,FALSE,active,1604513585,0,460,1,1,460,0,7
12,0,1,FALSE,active,1604483793,0,461,1,1,461,0,3
3,1,1,FALSE,active,1604515077,0,462,1,1,462,0,8
13,0,1,FALSE,active,1604510477,0,463,1,1,463,0,2
9,0,1,FALSE,active,1604483794,0,464,1,1,464,0,6
13,0,1,FALSE,active,1604493657,0,465,1,1,465,0,2
14,0,1,FALSE,active,1604514588,0,466,1,1,466,0,1
0,0,1,FALSE,active,1604483794,0,467,1,1,467,0,11
7,0,1,FALSE,active,1604483793,0,468,1,1,468,0,4
12,5,1,FALSE,active,1604514348,0,469,1,1,469,0,7
6,2,1,FALSE,active,1604511832,0,470,1,1,470,0,13
13,0,1,FALSE,active,1604509223,0,471,1,1,471,0,6
10,0,1,FALSE,active,1604483794,0,472,1,1,472,0,9
6,0,1,FALSE,active,1604515162,0,473,1,1,473,0,13
18,0,1,FALSE,active,1604513190,1,474,1,1,474,0,4
9,0,1,FALSE,active,1604507882,0,475,1,1,475,0,6
6,2,1,FALSE,active,1604506677,0,476,1,1,476,0,9
2,1,1,FALSE,active,1604480744,0,477,1,1,477,0,13
8,0,1,FALSE,active,1604483794,0,479,1,1,479,0,3
14,0,1,FALSE,active,1604483794,0,480,1,1,480,0,1
5,0,1,FALSE,active,1604483794,0,481,1,1,481,0,6
16,0,1,FALSE,active,1604512564,0,482,1,1,482,0,3
19,0,1,FALSE,active,1604515221,0,483,1,1,483,0,0
6,0,1,FALSE,active,1604515397,0,484,1,1,484,0,13
6,0,1,FALSE,active,1604513680,0,485,1,1,485,0,13
6,1,1,FALSE,active,1604505832,0,486,1,1,486,0,8
19,0,1,FALSE,active,1604483795,0,487,1,1,487,0,0
7,0,1,FALSE,active,1604515651,12,488,0,1,488,0,0
10,0,1,FALSE,active,1604514559,0,490,1,1,490,0,9
10,0,1,FALSE,active,1604483794,0,491,1,1,491,0,5
4,0,1,FALSE,active,1604483794,0,492,1,1,492,0,7
16,0,1,FALSE,active,1604509831,0,493,1,1,493,0,3
17,0,1,FALSE,active,1604483795,0,494,1,1,494,0,2
8,0,1,FALSE,active,1604483795,0,495,1,1,495,0,3
2,1,1,FALSE,active,1604508350,0,496,1,1,496,0,17
0,0,1,FALSE,active,1604483794,0,497,1,1,497,0,19
1,0,1,FALSE,active,1604491544,0,498,1,1,498,0,14
14,0,1,FALSE,active,1604483795,0,499,1,1,499,0,5
10,0,1,FALSE,active,1604483795,0,500,1,1,500,0,5
6,0,1,FALSE,active,1604512073,13,501,0,1,501,0,0
14,0,1,FALSE,active,1604515371,0,505,1,1,505,0,1
17,0,1,FALSE,active,1604515111,0,506,1,1,506,0,2
10,1,1,FALSE,active,1604515408,0,507,1,1,507,0,4
18,0,1,FALSE,active,1604492543,0,508,1,1,508,0,1
17,0,1,FALSE,active,1604514950,0,509,1,1,509,0,2
12,0,1,FALSE,active,1604501585,0,510,0,0,510,0,7
11,0,1,FALSE,active,1604483795,0,511,1,1,511,0,3
24,1,1,FALSE,active,1604497184,0,512,1,1,512,0,1
10,0,1,FALSE,active,1604483796,0,513,1,1,513,0,5
14,0,1,FALSE,active,1604483795,0,514,1,1,514,0,1
1,2,1,FALSE,active,1604483795,0,515,1,1,515,0,15
3,0,1,FALSE,active,1604483795,0,516,1,1,516,0,12
12,0,1,FALSE,active,1604483796,0,517,1,1,517,0,3
3,0,1,FALSE,active,1604483795,0,518,1,1,518,0,12
7,0,1,FALSE,active,1604500770,0,519,1,1,519,0,8
9,0,1,FALSE,active,1604483795,0,520,1,1,520,0,4
10,0,1,FALSE,active,1604483796,0,521,1,1,521,0,5
16,0,1,FALSE,active,1604483797,0,522,1,1,522,0,1
11,0,1,FALSE,active,1604509306,0,523,1,1,523,0,6
0,0,1,FALSE,active,1604507150,0,524,1,1,524,0,14
3,0,1,FALSE,active,1604511210,0,525,1,1,525,0,12
10,0,1,FALSE,active,1604483796,0,526,1,1,526,0,5
5,0,1,FALSE,active,1604510110,0,527,1,1,527,0,17
4,1,1,FALSE,active,1604443389,0,529,1,1,529,0,7
13,0,1,FALSE,active,1604483796,0,530,1,1,530,0,2
16,0,1,FALSE,active,1604508891,0,531,1,1,531,0,3
15,0,1,FALSE,active,1604515833,0,532,1,1,532,0,4
16,0,1,FALSE,active,1604483791,0,533,1,1,533,0,3
14,1,1,FALSE,active,1604512228,0,534,1,1,534,0,5
1,0,1,FALSE,active,1604515868,0,535,1,1,535,0,18
12,0,1,FALSE,active,1604483796,0,536,1,1,536,0,3
10,0,1,FALSE,active,1604483796,0,537,1,1,537,0,5
4,1,1,FALSE,active,1604511949,0,538,1,1,538,0,15
5,0,1,FALSE,active,1604514830,0,539,1,1,539,0,13
13,1,1,FALSE,active,1604513576,1,540,1,1,540,0,5
2,0,1,FALSE,active,1604483796,0,541,1,1,541,0,9
9,0,1,FALSE,active,1604483796,0,542,1,1,542,0,2
5,1,1,FALSE,active,1604515458,1,543,1,1,543,0,13
13,1,1,FALSE,active,1604509753,1,544,1,1,544,0,5
5,1,1,FALSE,active,1604511291,0,545,1,1,545,0,13
6,1,1,FALSE,active,1604515537,0,546,1,1,546,0,27
11,1,1,FALSE,active,1604514830,0,547,1,1,547,0,8
11,0,1,FALSE,active,1604515899,1,548,1,1,548,0,7
21,0,1,FALSE,active,1604512140,1,549,1,1,549,0,1
14,1,1,FALSE,active,1604483797,0,550,1,1,550,0,5
18,0,1,FALSE,active,1604483798,0,551,1,1,551,0,1
1,0,1,FALSE,active,1604493988,0,552,1,1,552,0,18
17,0,1,FALSE,active,1604511940,0,553,1,1,553,0,2
13,0,1,FALSE,active,1604509913,0,554,1,1,554,0,6
14,0,1,FALSE,active,1604483798,0,555,1,1,555,0,5
18,0,1,FALSE,active,1604515483,1,556,1,1,556,0,0
11,0,1,FALSE,active,1604509220,0,560,1,1,560,0,8
6,0,1,FALSE,active,1604513903,0,561,1,1,561,0,9
13,0,1,FALSE,active,1604483797,0,562,1,1,562,0,2
10,0,1,FALSE,active,1604483798,0,563,1,1,563,0,5
3,0,1,FALSE,active,1604515455,0,564,1,1,564,0,12
4,0,1,FALSE,active,1604483798,1,565,1,1,565,0,10
9,0,1,FALSE,active,1604504399,0,566,1,1,566,0,6
12,0,1,FALSE,active,1604515404,0,567,1,1,567,0,5
11,0,1,FALSE,active,1604514689,0,568,1,1,568,0,4
9,0,1,FALSE,active,1604508189,0,569,1,1,569,0,6
11,0,1,FALSE,active,1604515929,0,570,1,1,570,0,4
8,0,1,FALSE,active,1604483798,0,571,1,1,571,0,3
7,0,1,FALSE,active,1604483798,0,572,1,1,572,0,5
0,0,1,FALSE,active,1604514856,0,573,1,1,573,0,12
4,0,1,FALSE,active,1604483798,0,574,1,1,574,0,8
7,1,1,FALSE,active,1604483798,0,575,1,1,575,0,5
4,0,1,FALSE,active,1604513805,0,576,1,1,576,0,8
5,1,1,FALSE,active,1604514559,0,577,1,1,577,0,7
6,0,1,FALSE,active,1604483797,0,578,1,1,578,0,6
5,0,1,FALSE,active,1604513224,0,579,1,1,579,0,7
8,0,1,FALSE,active,1604483798,0,580,1,1,580,0,4
17,0,1,FALSE,active,1604483799,0,581,1,1,581,0,2
6,0,1,FALSE,active,1604483799,0,582,1,1,582,0,5
12,1,1,FALSE,active,1604515843,1,583,1,1,583,3,2
8,0,1,FALSE,active,1604483799,0,584,1,1,584,0,3
3,0,1,FALSE,active,1604515256,1,585,1,1,585,0,7
12,2,1,FALSE,active,1604514502,0,586,1,1,586,0,7
2,0,1,FALSE,active,1604515463,0,587,1,1,587,0,17
12,0,1,FALSE,active,1604513722,0,588,1,1,588,0,3
13,1,1,FALSE,active,1604514502,0,589,1,1,589,0,6
13,2,1,FALSE,active,1604515213,0,590,1,1,590,0,6
8,0,1,FALSE,active,1604515326,0,591,1,1,591,0,11
15,4,1,FALSE,active,1604509902,0,592,1,1,592,0,4
0,0,1,FALSE,active,1604483798,0,593,1,1,593,0,17
15,0,1,FALSE,active,1604483799,0,594,1,1,594,0,4
12,0,1,FALSE,active,1604483798,0,595,1,1,595,0,5
5,0,1,FALSE,active,1604512368,0,596,1,1,596,0,12
14,0,1,FALSE,active,1604483798,0,597,1,1,597,0,3
6,0,1,FALSE,active,1604515824,0,598,1,1,598,0,5
8,1,1,FALSE,active,1604508894,0,599,1,1,599,0,7
8,1,1,FALSE,active,1604515931,0,601,1,1,601,0,7
17,0,1,FALSE,active,1604508107,0,602,1,1,602,0,2
13,0,1,FALSE,active,1604513164,1,603,1,1,603,0,5
9,0,1,FALSE,active,1604483800,0,604,1,1,604,0,6
18,1,1,FALSE,active,1604483796,0,605,1,1,605,0,1
17,0,1,FALSE,active,1604483799,0,606,1,1,606,0,2
17,0,1,FALSE,active,1604483800,0,607,1,1,607,0,2
2,3,1,FALSE,active,1604515857,0,608,1,1,608,0,17
12,0,1,FALSE,active,1604515679,0,609,1,1,609,0,5
5,0,1,FALSE,active,1604515645,1,610,1,1,610,0,13
11,0,1,FALSE,active,1604483800,1,611,1,1,611,0,5
1,1,1,FALSE,active,1604483800,0,612,1,1,612,0,18
16,0,1,FALSE,active,1604501098,0,613,1,1,613,0,3
2,0,1,FALSE,active,1604483796,0,614,1,1,614,0,13
11,0,1,FALSE,active,1604483800,0,615,1,1,615,0,12
11,0,1,FALSE,active,1604483800,0,616,1,1,616,0,8
10,0,1,FALSE,active,1604483800,0,617,1,1,617,0,9
11,4,1,FALSE,active,1604495680,0,618,1,1,618,0,8
14,0,1,FALSE,active,1604483801,0,619,1,1,619,0,5
13,4,1,FALSE,active,1604495235,1,620,1,1,620,0,5
14,0,1,FALSE,active,1604483800,1,621,1,1,621,0,4
9,1,1,FALSE,active,1604483794,0,622,1,1,622,0,3
4,0,1,FALSE,active,1604512258,0,623,1,1,623,0,15
4,1,1,FALSE,active,1604508820,0,624,1,1,624,0,15
6,0,1,FALSE,active,1604483800,0,625,1,1,625,0,5
4,0,1,FALSE,active,1604514759,0,626,1,1,626,0,13
10,0,1,FALSE,active,1604509420,0,628,1,1,628,0,2
14,1,1,FALSE,active,1604511737,0,629,1,1,629,0,5
15,0,1,FALSE,active,1604497240,0,630,1,1,630,0,0
7,0,1,FALSE,active,1604508834,0,632,1,1,632,0,8
17,0,1,FALSE,active,1604497227,0,633,1,1,633,0,2
10,0,1,FALSE,active,1604512519,0,634,1,1,634,0,9
7,0,1,FALSE,active,1604512646,0,636,1,1,636,0,8
7,0,1,FALSE,active,1604515464,0,637,1,1,637,0,12
6,1,1,FALSE,active,1604515614,0,638,1,1,638,0,13
14,0,1,FALSE,active,1604514306,0,639,1,1,639,0,5
13,2,1,FALSE,active,1604497048,0,640,1,1,640,0,6
1,0,1,FALSE,active,1604483801,0,641,1,1,641,0,14
2,0,1,FALSE,active,1604513109,0,643,1,1,643,0,9
